Name,Hometown,High School
Kavari Adams,"Detroit, Mich.",Renaissance
Deacon Allen,"Rockmart, Ga.",Rockmart
Charles Amankwaa,"Hillsborough, N.J.",Hillsborough
Bubba Arslanian,"Aurora, Ohio",Aurora
Beau Bachie,"Cleveland, Ohio",Berea-Midpark
Jaylen Ball,"Columbus, Ohio",St. Francis de Sales
Kyle Bauman,"North Royalton, Ohio",North Royalton
Ryan Beckman,"Avon Lake, Ohio",Avon Lake
Eric Bentley,"Akron, Ohio",St. Vincent-St. Mary
Brandon Bischof,"Akron, Ohio",St. Vincent-St. Mary
Kyle Bischof,"Mentor, Ohio",Mentor
Gavin Blunt,"Aurora, Ohio",Aurora
Tristian Brank,"Asheville, N.C.",Clyde A. Erwin
Collier Brown,"Washington Court House, Ohio",Washington
Michiah Burton,"Columbus, Ohio",New Albany
Ronan Chambers,"Olmsted Township, Ohio",St. Edward
Isiah Childs,"Manhattan, Kan.",Wamego
"Randy Cochran, Jr.","Doraville, Ga.",Norcross
Sean Conroy,"North Olmsted, Ohio",North Olmsted
"Reggie Corner, Jr.","Canton, Ohio",McKinley
Jordan Daniels,"Huntersville, N.C.",North Mecklenburg
Adetutu Daranijo,"Fort Lauderdale, Fla.",Saint Thomas Aquinas
T.J. DeShields,"Beloit, Ohio",West Branch
Zach DiLauro,"Akron, Ohio",Springfield
Teon Dollard,"Lake City, Fla.",Columbia
Marco Donatelli,"Girard, Ohio",Girard
Nick Dottore,"Chagrin Falls, Ohio",St. Edward
Tyson Durant,"Copley, Ohio",Canton McKinley
Owen Faulkner,"Sunbury, Ohio",St. Francis de Sales
A.J. Felton,"Fredericksburg, Va.",Freedom
Jerry Fitschen,"Orange, Calif.",Orange Lutheran
"Vincent Fonte, Jr.","Copley, Ohio",Copley
Connor Francz,"Westlake, Ohio",Saint Ignatius
Joe Gavriloff,"Kent, Ohio",Kent-Roosevelt
Tony Georges,"Westlake, Ohio",Saint Ignatius
Cole Gest,"Solon, Ohio",St. Edward
Zach Gibson,"Alpharetta, Ga.",Johns Creek
DeMarkus Glover,"St. Petersburg, Fla.",Northside Christian
Xavior Gray,"Massillon, Ohio",Jackson
"Tony Grimes, Jr.","Pittsburgh, Pa.",Penn Hills
Woobendy Guerrier,"Homestead, Fla.",South Dade
Darrius Harris,"Philadelphia, Pa.",Northeast
Brayden Hawkins,"Waxhaw, N.C.",Myers Park
Julius Hawkins,"St. Petersburg, Fla.",Boca Ciega
Logan Hawkins,"Harrison City, Pa.",Penn Trafford
Caleb Herring,"Lakewood, Ohio",St. Edward
Blake Hester,"Ashland, Ky.",Blazer
Julian Hicks,"Cleveland, Ohio",Mayfield
MyJaden Horton,"Cincinnati, Ohio",Princeton
Angelo Howze,"Fishers, Ind.",Fishers
"Ronald Jackson, Jr.","Detroit, Mich.",Belleville
Juan Jarrett,"Cincinnati, Ohio",Princeton
Jamason Jodway,"Auburn Hills, Mich.",Avondale
DiMarco Johnson,"Irmo, S.C.",Dutch Fork
Ethan Johnson,"Medina, Ohio",Medina
Jaylen Kelly-Powell,"Detroit, Mich.",Cass Tech
Jalen Knight,"Akron, Ohio",Hoban
Jeremiah Knight,"Jefferson, Ohio",Jefferson Area
Nolan Labuda,"Belle Vernon, Pa.",Belle Vernon
Quevan Lawson,"Ashburn, Ga.",Turner County
Zackary Leininger,"Hugoton, Kan.",Hugoton
Cameron Lyons,"Morgantown, W.Va.",Morgantown
Joey Marousek,"North Royalton, Ohio",North Royalton
Kendal Marshall,"Toledo, Ohio",Central Catholic
Michael Mathison,"Covington, Ga.",Newton
Nicholas Mayle,"Fremont, Ohio",Fremont Ross
Ryan McClain,"Albuquerque, N.M.",La Cueva
Jake Miller,"Glenshaw, Pa.",Shaler
John Mitchell,"Crete-Monee, Ill.",Crete-Monee
Shawn Muldowney II,"Diamond, Ohio",Southeast
Owen Murphy,"Cleveland, Ohio",Saint Ignatius
Shawn Naim,"Brecksville, Ohio",Lutheran West
Kato Nelson,"Hollywood, Fla.",Flanagan
Jonzell Norrils,"Toledo, Ohio",Central Catholic
Eseosa Obas,"Pataskala, Ohio",Licking Heights
Chu Ogbonna,"Marietta, Ga.",Wheeler
Bryce Petersen,"McKinleyville, Calif.",McKinleyville
Gamari Peterson,"Cleveland, Ohio",Glenville
Kirk Popelas,"Belle Vernon, Pa.",Belle Vernon Area
Bryce Profitt,"Medina, Ohio",Highland
"George Qualls, Jr.","Caruthersville, Mo.",Caruthersville
Dean Ramicone,"Brunswick, Ohio",Brunswick
Ed Reely,"Ashley, Ohio",Buckeye Valley
Julian Richardson,"Albany, Ga.",Westover
Jordyn Riley,"Citra, Fla.",North Marion
Alex Robarge,"Chagrin Falls, Ohio",Kenston
Kyle Romenick,"Fort Mill, S.C.",Fort Mill
Joseph Sarpong,"Columbus, Ohio",Northland
Timothy Scippio,"Fort Lauderdale, Fla.",Coconut Creek
Michael Scott,"Tallahassee, Fla.",North Florida Christian
Jacob Shaffer,"Portersville, Pa.",Slippery Rock
Kenyon Sholty,"Terre Haute, Ind.",South Vigo
Nathan Simon,"Cleveland, Ohio",St. Edward
Ethan Slike,"Greensburg, Pa.",Greensburg Central Catholic HS
Cory Smigel,"North Royalton, Ohio",North Royalton
Brendan Smith,"Debary, Fla.",University Orange City
Michael Snowden,"Pittsburgh, Pa.",Pittsburgh Obama
Nate Stewart,"Bethlehem, Pa.",Pius X
Nazir Sy,"Peachtree Corners, Ga.",Norcross
Tobias Thomas Pitts,"Columbus, Ohio",Dublin-Scioto
"Corey Thomas, Jr.","Pittsburgh, Pa.",Penn Hills
Janirr Wade,"Stone Mountain, Ga.",Stephenson
Kevin Walls,"Westlake, Ohio",Westlake
A.J. Watts,"Columbus, Ga.",Carver
Demetrick Watts,"Riverside, Calif.",Hillcrest
Marquis Whitmire,"Lithonia, Ga.",Stephenson
Nate Williams,"Utica, Ohio",Newark Catholic
Jameel Williamson,"Columbus, Ohio",Dublin-Coffman
Bryce Wilson,"Lilburn, Ga.",Parkview
Maverick Wolfley,"Morgantown, W.Va.",Morgantown
Quentin Woodall,"Cleveland, Ohio",Brush
Brycen Yarmo,"Hudson, N.H.",Exeter Academy
